{"cameraMode":{"drawMode":0,"name":"Shaded","section":"Shading Mode"},"sceneLighting":true,"audioPlay":false,"sceneViewState":{"m_AlwaysRefresh":false,"showFog":true,"showSkybox":true,"showFlares":true,"showImageEffects":true,"showParticleSystems":true,"showVisualEffectGraphs":true,"m_FxEnabled":true},"in2DMode":false,"pivot":{"x":-0.5623811483383179,"y":1.8439695835113526,"z":-2.8692283630371095},"rotation":{"x":-0.004101799335330725,"y":0.9804242253303528,"z":-0.19651195406913758,"w":-0.021312866359949113},"size":5.0689496994018559,"orthographic":false}